lang;mlan;nature
;ɑ̂;
et;bô;cnjcoo
dans;ntʉ̂m;pr
avec;bô;pr
commerce;ta;n,m
nuit;twəʼ;n,f
histoire;cɔ̀;n,f
orange;bùma;n,f
histoire;cò;n,f
nourriture;caŋ;n,f
singe;ngɑm<b/>mɑkè;n,m
abolition;nə̀<b/>biagə;n,f
chien<b/>sauvage;mbʉ̂<b/>cwɛd;n,m
chat;bùsi;n,m
poison;ngǒnntsə;n,m
champ;cwɛd;n,m
palais;ncwɛ̀d;n,m
prison;ndɑ̂<b/>ca;n,f
habille;nzwə;n,m
paraisseu;lɔ;n,f
savoire;nə̀<b/>lɛ̀nə;n,m
sagesse;zə̂nù;n,f
radio;mfoŋə;n,f
téléphone;kɑb;n,m
rène;nzwî<b/>mfə̀n;n,f
cartable;bɑ̂m<b/>ŋwàʼnì;n,GD
bébé;mɛ̂n<b/>fi;n,m,sg
bateau;la<b/>nstə<b/>baʼ;n,m,sg
chien;mbwə;n,m
avion;saŋvʉ̀;n,m
maison;baʼ;n,f
fille;ngòn;n,f
livre;buʼ<b/>ŋwàʼnì;n,m
tête;tu;n,f
oursin;nyɑm<b/>ntsə;n,GD,sg
commerce;ta;n,m,sg
union;tàmtə̀;n,f,sg
nuit;twəʼ;f,sg
personnes;bə̀nntʉ̀n;n,f,pl
maitre;ngà<b/>tswìtə̀;n,m,sg
maitre;ghâ<b/>tswìtə̀;n,m,pl
marché;ntɑnə;n,m,sg
boutique;ndɑ̂<b/>ntɑnə;n,f,sg
nom;lɛn;n,f
ordinateur;lôŋvʉ̀;n,m
voiture;yanbàʼ;n,f
école<b/>de<b/>conduite;dʉ̂ʼ<b/>ŋwàʼnǐ<b/>sòŋ;n,f
singe;ngɑm<b/>mɑkè;n,m
abolition;biagə;n,f
chien<b/>sauvage;mbʉ̂<b/>cwɛd;n,m
poison;ngǒnntsə;n,m
chaussure;nkətoʼo;n,f
mauvais/e;kə̀bwɔ̀;n,GD
bien;mə̀bwɔ;n,m
paraisseu;ndɔ;n,f
habitude;màd;n,f
savoire;lɛ̀nə;n,m
sagesse;zə̂nù;n,f
arrachide;kə̀nà;n,f
television;ngʉɑyən;n,f
horloge;nyàm;n,f
roi;mfə̀n;n,m
rène;nzwî<b/>mfə̀n;n,f
sac;bɑ̀m;n,m
cartable;bɑ̂m<b/>ŋwàʼnì;n,GD
bébé;mɛ̂n<b/>fi;n,m,sg
nurriture;caŋ;n,f,sg
bateau;la<b/>nstə<b/>baʼ;n,m,sg
ocean;dibɑ<b/>ntsə;n,n
pied;kù;n,m
avion;saŋvʉ̀;n,m
monde;ngɔ̀;n,m
maison;bàʼ;n,f
homme;mɑndùm;n,m
fille;ngòn;n,f
month;ŋwə;n,m
livre;buʼ<b/>ŋwàʼnì;n,m
tête;tu;n,f
roi;mfə̀n;n,m
sac;bɑ̀m;n,m
amour;nkɔ̀nì;n,m,sg
nurriture;caŋ;n,f,sg
ocean;dibɑ<b/>ntsə;n,n
pied;kù;n,m
monde;ngɔ̀;n,m
homme;mɑndùm;n,m
month;ŋwə;n,m
père;tɑ;n,m
banque;ndɑ̂<b/>nkɑb;n,GD,sg
salon;tôʼ<b/>mò;n,m,sg
chambre<b/>à<b/>couché;tôʼ<b/>ndɑ;n,f,sg
ONU;tàmtə̀<b/>ngɔ̀ngɔ̀;f,sg
SIDA;kòglòg;n,m,sg
ferre;tʉnə;n,m,sg
bois;ncwɛn;n,m,sg
OMS;kêm<b/>ngɔ̌ngɔ̀;n,f
president;tâ<b/>ngɔ̀;n,m,sg
patron;tɑ̂<b/>bǎgngɔ̀;n,m,sg
restaurant;ndɑ̂<b/>caŋ;n,m,sg
gouverneur;tɑ̂<b/>bǎgngɔ̀;n,m
préfet;tɑ̂<b/>tǎŋngɔ̀;n,m
lampe;nkàʼ;n,f
police;toŋkù;n,f
gendarme;bə̀fə̀;n,m
militaire;nkə̀tuʼu;n,f
kuàn;esclave;n,m
feu;bwoge;n,m
enfer;ndɑ̂<b/>mbwogə;n,m
corde;nkʉ;n,m
bandit;ncɔ;n,mf
fou;mbɑ̂bunə;n,m
folle;mbɑ̂bunə;n,f
marabout;ngà<b/>kà;n,f
poule;ngab;n,f,sg
chaisse;diaŋ;n,f,sg
pion;bà;n,m,sg
jour;njʉ;m,sg
quelquʼun;mɛ̀nntʉ̀n;n,m,sg
histoirien;ndɛ̀n<b/>ngɑ̂mcò;n,f,sg
mathematic;tata;n,f,sg
terre;nsi<b/>caʼ;n,GD
élèves;ghǎ<b/>ziʼtə̀;n,m,pl
photo;sə̂və̀;n,m,sg
Dieu;Nsi;n,f,sg
connaitre;lɛne;n,f
pasteur;mbêdbwə;n,m
Jésus;Yɛsɔ̀;n,f
bible;Ncobnsi;n,f
clé;ki;n,m
voix;nzə̀;n,f
arbre;tʉ;n,m
chant;kwì;n,m
poison;cə̀b;n,m
dos;mvɛ̀n;n,m
fesse;ncwɛ̂dtùn;n,m
sang;ləm;n,f
ongle;nkib;n,f
bagarre;nzwə̀ʼ;n,m
caffard;mbɛnmbɛnə;n,GD
cheveux;nyǎŋtu;n,m
cou;tɔ;n,f
épaule;nkə̀bə̀ʼ;n,f
peau;ngùb<b/>wud;n,m
corp;wud;n,f
pied;kù;n,f
main;bu;n,f
doits;ntubu;n,m
ncù;bouche;n,f
oeil;lag;n,f
yeux;miɑg;n,m
oreille;nzwî<b/>mfə̀n;n,f
langue;lem;n,m
cerveau;nziàʼtu;n,GD
nez;nkɔ̂ntsəlag;n,m,sg
narines;mfâŋntselag;n,m,sg
ventre;bam;n,f,sg
dent;sɔ;n,m,sg
dents;nsɔ̀;n,pl
dos;mvɛ̀n;n,m
rein;zwəʼ;n,m
foi;mbì;n,m
vein;ngǎləm;n,f
os;vog;n,m
pouce;mɑdʉ̀ʼ;n,f
index;ndâdnyaʼ;n,m
majeur;nsà<b/>ntubu;n,m
orriculair;nkêb<b/>ntubu;n,m
index;ndâdsog;n
annulaire;nsòkwa;n
où;yɑ;adv,itg
être;bə;vbser
récolter;ba;vblex
endommager;bagdə;vblex
détruire<g><b/>totalement</g>;bagtə<b/>fafa;vblex
accepter;bamə;vblex
approuver;bamə;vblex
reconnaître;bamə;vblex
répondre;bamə;vblex
supplier;batə;vblex
caractériser;bàgtə̌<b/>màd;vblex
décrier;bàgtə̌;vblex
décrire;bàgtə̌;vblex
définir;bàgtə̌;vblex
opérer;bàgə;vblex
déplacer;bàtə̌<b/>dʉʼ;vblex
changer;bàtə̌;vblex
modifier;bàtə̌;vblex
ressusciter;bǎm<b/>nǔm<b/>vʉ;vblex
rembourser;bǎʼ<b/>nkab;vblex
payer;be;vblex
boucher;biag<b/>tɔ;vblex
éliminer;biagə;vblex
étiendre;biagə;vblex
balayer;bìʼtə̌;vblex
aroser;bumə;vblex
applodire;buʼ<b/>mbu;vblex
jouer<g><b/>du<b/>tambour</g>;buʼ<b/>tom;vblex
sonner;buʼu;vblex
sonner;buʼu;vblex
repéter;bwogtə;vblex
bouillir;bwonə;vblex
répondre;bwʉ̀ntə̌;vblex
détester;bɑnə;vblex
briser<g><b/>en<b/>morceaux</g>;bəʼtə̂<b/>ndɔ̌ndɔ̀;vblex
casser;bəʼə;vblex
récolter;bəʼə;vblex
bombarder;bɛd<b/>nbwogə;vblex
revendiquer;bɛdtə<b/>nǔ<b/>nùm;vblex
interroger;bɛdtə;vblex
annoncer;bʉ;vblex
permettre;bʉ;vblex
prométtre;bʉ;vblex
saluer;bʉ;vblex
lever;bʉʼʉ;vblex
conduire;cagə;vblex
transmettre;cagə;vblex
diriger;càgtə̌;vblex
heurter;càmə;vblex
prier;càʼtə̌<b/>nsi;vblex
butiner;cǎb<b/>ncù;vblex
trébucher;cǎm<b/>kù;vblex
filtrer;cilə;vblex
entrer;co;vblex
entrer;co;vblex
bavader;cobtə;vblex
exprimer;cobə;vblex
parler;cobə;vblex
ouvrir;coʼo;vblex
récolter;coʼo;vblex
jurer;coʼtə<b/>ncà;vblex
effrayer;còŋə;vblex
purger;còŋə;vblex
rigoler;cǒm<b/>zwì;vblex
essuyer;cwitə;vblex
étonner;cɑmə;vblex
ensevelir;cɑŋə;vblex
déborder;cʉàtə̌;vblex
passer;cʉǎ;vblex
tenir;cʉbə;vblex
réchauffer;dùmdə̌;vblex
chauffer;dùmtə̌;vblex
réchauffer;dùmtə̌;vblex
frotter;dʉʼdə;vblex
déchirer;fagə;vblex
fonctionner;faʼa;vblex
labourer;faʼa;vblex
déchirer;fàgə;vblex
récolter;fàgə;vblex
sucer;finə;vblex
reposer;fitə;vblex
mesurer;fìʼi;vblex
trouver;fonə;vblex
ressembler;fotə;vblex
sembler;fu;vblex
équiper;fɑ<b/>cû<b/>fàʼ;vblex
adorer;fɑ<b/>məbâm<b/>nsi;vblex
armer;fɑ<b/>ngɑn;vblex
financer;fɑ<b/>nkɑk;vblex
conseiller;fɑ<b/>ntag;vblex
donner;fɑ;vblex
donner;fɑ;vblex
offrir;fɑ;vblex
égarer;fɑ̌n<b/>nzə̀;vblex
grincer<g><b/>des<b/>dents</g>;fɛd<b/>nsɔ;vblex
consommer;fɛlə;vblex
verser;fɛ̀dtə̌;vblex
voler;fʉlə;vblex
fermer;fʉ̀nə;vblex
verrouiller;fʉ̀nə;vblex
tromper;fʉ̌;vblex
tromper;fʉ̌;vblex
boutonner;fʉ̌n<b/>mbǎʼnzwə;vblex
contester;gha;vblex
refuser;gha;vblex
partager;ghàbə;vblex
jeter;ghoaʼa;vblex
arrester;ghomə;vblex
attraper;ghomə;vblex
moudre;ghoʼo<b/>mbâbmbab;vblex
grossir;ghoʼo;vblex
écraser;ghoʼo;vblex
durer<g><b/>longtemps</g>;ghubtə<b/>yɑmə;vblex
durer;ghubtə;vblex
nuire;ghùdnǐ;vblex
troubler;ghə̀dnǐ;vblex
faire;ghʉ̌;vblex
improviser;ghʉ̀<b/>kàʼ;vblex
avoir;ghʉ̌;vblex
acheter<g><b/>une<b/>maison</g>;jun<b/>tàʼ<b/>bàʼ;vblex
acheter;junə;vblex
écouter;juʼu;vblex
profiter;jʉ<b/>bìn;vblex
consommer;jʉ;vblex
couvrir;kabtə;vblex
promener;katə;vblex
tourner;kaŋə;vblex
jongler;kàŋtə̌;vblex
travailler<g><b/>dur</g>;kǎg<b/>tùn;vblex
attaquer;kǎm<b/>ncà;vblex
nourrir;kemə;vblex
éclairer;keʼe;vblex
délier;kiɑ̀gə;vblex
dessiner;kǐ<b/>sə̂və̀;vblex
documenter;kǐ<b/>ŋwàʼnì;vblex
rédiger;kǐ;vblex
écrire;kǐ;vblex
diminuer;kogə;vblex
ronfler;komə;vblex
monter;koʼo;vblex
ramper;kòmə;vblex
pluerer;kuàʼa;vblex
gratter;kuǎ;vblex
conclure;kud<b/>>tǔn<b/>nù;vblex
décorer;kune<b/>dʉʼ;vblex
orner;kuni<b/>dʉʼ;vblex
arriver;kùmə;vblex
atteindre;kǔm;vblex
toucher;kwagə;vblex
réfléchir;kwàtə̌;vblex
penser;kwǎ;vblex
prendre;kwe;vblex
recevoir;kwe;vblex
souvenir;kwimtə;vblex
broder;kwitə;vblex
enrichir;kwǐʼ<b/>fùʼ;vblex
mourir;kwʉ;vblex
bâtir;kwʉlə;vblex
aimer;kɔ̌;vblex
trasser;kəb<b/>nka;vblex
déjeuner;kəb<b/>ntsiʼ;vblex
découper;kəbtə;vblex
tamiser;kə̀ʼtə̌;vblex
surcharger;kə̌d<b/>lɛ̀d<b/>yɑmə;vblex
entasser;kʉmtə;vblex
rassembler;kʉmtə;vblex
regrouper;kʉmtə;vblex
reculer;kʉʼtə;vblex
couvrir;kʉ̌<b/>ndə;vblex
fuir;kʉ̌;vblex
oublier;lagtə̌;vblex
frapper;làbə;vblex
pardonner;làgtə̀<b/>mfɑ;vblex
obliger;làgtə̌;vblex
évaluer;làŋtə̌;vblex
reprocher;làʼa;vblex
nager;lǎ<b/>ntsə;vblex
garder;liʼi;vblex
économiser;lǐʼ<b/>nkɑb;vblex
observer;lodə;vblex
accentuer;lòʼ<b/>mbwə̀;vblex
user;lòʼ<b/>ngʉ̂;vblex
quitter;lǒ;vblex
recruter;lǒʼ<b/>mɛ̀n<b/>fàʼ;vblex
nettoyer;lɑntə;vblex
remercier;lɑ̀btə̌;vblex
sentir;lɑ̀mə;vblex
regarder;lɔtə;vblex
cacher;lə̌;vblex
peser;lɛ̀lɛ;vblex
savoire;nə̀<b/>lɛ̀nə;vbhaver
lancer;maʼa;vblex
emprisonner;màʼ<b/>ca;vblex
vaincre;màʼ<b/>ncʉâ;vblex
lancer;màʼa;vblex
vaincre;mâʼ<b/>ncò<b/>ncʉâ;vblex
emprisonner;mǎʼ<b/>ca;vblex
vêtir;mǎʼ<b/>nzwə;vblex
cuire;bwə;vblex
accoucher;bwə;vblex
relire;mbɛ̀n<b/>siaŋə;vblex
revivre;mbɛ̀n<b/>yɑ̂gə;vblex
achever;miàgtə̌;vblex
émerveiller;miɑg<b/>nə̀̀<b/>tum<b/>sɑmmbɑhɑ;vblex
veiller;mǒ;vblex
taire;məm<b/>ncù;vblex
sourire;mə̌ʼ<b/>zwì;vblex
planifier;na<b/>nù;vblex
préparer;na;vblex
hésiter;naʼ<b/>ngube<b/>mfaʼa;vblex
former;nàbtə̌;vblex
fabriquer;nàbə;vblex
punir;ndǎ<b/>tû;vblex
sucrer;ndʉ̀mtə̌;vblex
jurer;nu<b/>ngʉə̀;vblex
fumer;nu<b/>nə̀bàʼ;vblex
boire;nu;vblex
consommer;nu;vblex
danser;nyàŋə;vblex
presser;nyi;vblex
appuyer;nyuʼu;vblex
baptiser;nyǔʼ<b/>ntsə;vblex
tremper;nyǔʼ<b/>ntsə;vblex
appuyer<g><b/>sur</g>;nyǔʼ<b/>nùm;vblex
paître;nyɑ̀m<b/>nə̀nà;vblex
produire;nɑ̀btə̌;vblex
saluer;càʼtə̌;vblex
cultiver;dʉʼʉ;vblex
tromper;fə̀mə;vblex
acquérir;kwe;vblex
vouloir;kɔ̌;vblex
tailler;kəbtə;vblex
caler;laʼa;vblex
habiter;tswə;vblex
goûter;zwiʼtə;vblex
rétablir;mbɛ̀n<b/>nabtə;vblex
entrer<g><b/>en<b/>amitié</g>;co<b/>nshunə;vblex
jeter<g><b/>un<b/>oeil</g>;mǎʼ<b/>miɑg;vblex
analiser<g><b/>un<b/>texte</g>;na<b/>mbɑ̀ncobə;vblex
patir;nɛnə;vblex
aller;nɛ̀nə;vblex
aller;nɛ̀nə;vblex
partir;nɛ̀nə;vblex
voyager;nɛ̌n<b/>katə̀;vblex
progresser;nɛ̌n<b/>mbwə̀;vblex
évangéliser;sǎ<b/>Ncobnsi;vblex
étendre;sǎ;vblex
bouder;shud<b/>ncù;vblex
serrer;shəʼə;vblex
interdire;shə̀ʼə;vblex
raconter<g><b/>des<b/>histoire</g>;soŋ<b/>cɔ̀;vblex
laver;sògə;vblex
conduire;sôŋ;vblex
chausser;sǒ<b/>nkətoʼo;vblex
piquer;sùbə;vblex
converser;swatə<b/>ncobə;vblex
vendre;swɛnə;vblex
retirer<g><b/>de<b/>l’argent</g>;sɔ̌<b/>nkɑb;vblex
retirer;sɔ̌;vblex
marchander;ta;vblex
mentir;tadtə;vblex
mouiller;tam<b/>ntsə;vblex
unifier;tamtə̌;vblex
tirer;tamə;vblex
tirer;tamə;vblex
viser;tamə;vblex
visser;tamə;vblex
attacher;taŋə;vblex
chasser;taʼa;vblex
mélanger;tàmtə̌;vblex
attacher;tàŋə;vblex
débattre;tâ<b/>ncù;vblex
percer;to;vblex
passer;togə;vblex
incendier;tonə;vblex
rôtir;tonə;vblex
récolter;toŋə;vblex
entamer;toʼo;vblex
commencer;toʼtə;vblex
cracher;tǒg<b/>ntsi;vblex
inquiéter;tǒn<b/>ndem;vblex
couper;troc’hañ;vblex
collecter;tsaʼtə;vblex
embrasser;tsiagə;vblex
glisser;tsiagə;vblex
appeller;tsiaŋe;vblex
inviter;tsiaŋə;vblex
gliser;tsiàgə;vblex
aligner;tsin<b/>nka;vblex
arrêter;tsinə;vblex
cesser;tsinə;vblex
piller;tswaʼa;vblex
creuser;tswàʼa;vblex
spécifier;tswàʼtə̌;vblex
corriger;tswit<b/>nkʉn;vblex
argumenter;tswìʼtə̌;vblex
rester;tswə;vblex
sortir;tumə;vblex
sortir;tumə;vblex
puiser;tuʼu;vblex
tousser;twiagə;vblex
sifffer;tɔ<b/>fin;vblex
téléphoner;tɔ<b/>kɑb;vblex
jouer<g><b/>de<b/>la<b/>trompette</g>;tɔ<b/>ndɔ;vblex
crier;tɔ;vblex
hurler;tɔ;vblex
commander;tɔ̌;vblex
avertir;tə<b/>bu;vblex
timbrer;tə<b/>mfìʼ;vblex
limiter;tə<b/>ndʉ̀;vblex
déposer;tə<b/>nsi;vblex
souiller;tə<b/>ntɑnə;vblex
accuser;tə<b/>nǔ<b/>tû;vblex
fonder;tə<b/>tǔn;vblex
métrer;tə;vblex
poser;tə;vblex
pousser;tɛnə;vblex
compter;tʉntə;vblex
conter;tʉntə;vblex
unir;unaniñ;vblex
givrer;vɛ̀dtə̌;vblex
fouetter;vʉlə;vblex
bricoler;vʉ̌;vblex
tomber;vʉ̌;vblex
récolter;wàlə;vblex
récolter<g><b/>la<b/>banane</g>;wǎd<b/>kə̀lɔ̀;vblex
voter;weʼe;vblex
facher;ya<b/>ntʉ;vblex
bailler;yagə;vblex
bayer;yagə;vblex
soullier;yagə;vblex
sécher;yagə;vblex
traverser;yaʼa;vblex
guérir;yàtə̌;vblex
bronzer;yog<b/>nyàm;vblex
sauver<b/>quelqu'un;yǒg<b/>mə̀n;vblex
râper;yùbə;vblex
aider;ywimtə̌;vblex
planter;ywìlə;vblex
saturer;ywɛlə;vblex
placer;yɑbə;vblex
démanger;yɑ̀gə;vblex
manger;jʉ;vblex
survivre;yɔ̀gə;vblex
suffire;yən<b/>ngəʼ;vblex
voir;yənə;vblex
rêver;zi<b/>dʉ̀m;vblex
marcher;zìnə;vblex
assassiner;zwi;vblex
tuer;zwi;vblex
inspirer;zwiàgə;vblex
expérimenter;zwiʼtə;vblex
rire;zwǐ;vblex
chevaucher;ŋat<b/>nyɑmdiaŋ;vblex
plier;ŋuʼu;vblex
animer;ŋwa<b/>dʉʼ;vblex
animer;ŋwatə<b/>dʉʼ;vblex
pisser;tsìntə̌;vblex
trahir;nə<b/>sitə<b/> kùd<b/>mɛ̀n;vblex
Organisation<b/>Mondiale<b/>de<b/>la<b/>Santé;Tàmtə<b/>twsə̂ntǔn<b/>Ngɔ̌ngɔ̀;np
F.A.O;Nkêm<b/>ngɔ̌ngɔ̀;np,abbr
dévise<b/>d'un<b/>pays;bʉʼ<b/>ngɔ̀;n
U.A;Ntàmtə̀<b/>ngɔ̌<b/>Afrika;abbr
savoir;nə̀<b/>lɛ̀nə;vblex
sage;zənù;adj
teint<b/>claire;nə̀lɑnbà;adj
teint<b/>noir;nə̀sɛnə;adj
teint<b/>bronzé;nə̀bǎ;adj
noir<b/>ciré;nəsɛnnzidtə;adj
prognathe;nyînnsɔ̀;adj
bossu;tûʼmvɛ̀n;adj
être<b/>sot;nə̀<b/>kǎgnì;adj
être<b/>ivre;nə̀<b/>bumə;adj
minauder;nə̀<b/>sələ;adj
être<b/>déterminé;nùkôʼntʉ;adj
yeux<b/>éteints;bitə̀miɑg;adj
gros<b/>yeux;nkɔ̂miɑg;adj
joues<b/>abattues;dùtə̀ngəʼ;adj
jouflu;mùdngə̀ʼ;adj
joue<b/>creuses;tôngə̀ʼ;adj
chevelue<b/>en<b/>forme<b/>M<b/>sur<b/>le<b/>front;tû<b/>nə̀<b/>to<b/>nsoʼ;adj
gros;ghuʼu;adj
sec;njum;adj
rouge;mə̀ba;adj
blacn;foge;adj
savoir;lɛnə;adj
sage;zənù;adj
teint<b/>claire;nə̀lɑnbà;adj
teint<b/>noir;nə̀sɛnə;adj
teint<b/>bronzé;nə̀bǎ;adj
noir<b/>ciré;nəsɛnnzidtə;adj
prognathe;nyînnsɔ̀;adj
bossu;tûʼmvɛ̀n;adj
être<b/>sot;nə̀<b/>kǎgnì;adj
être<b/>ivre;nə̀<b/>bumə;adj
minauder;nə̀<b/>sələ;adj
être<b/>déterminé;nùkôʼntʉ;adj
yeux<b/>éteints;bitə̀miɑg;adj
gros<b/>yeux;nkɔ̂miɑg;adj
joues<b/>abattues;dùtə̀ngəʼ;adj
jouflu;mùdngə̀ʼ;adj
joue<b/>creuses;tôngə̀ʼ;adj
chevelue<b/>en<b/>forme<b/>M<b/>sur<b/>le<b/>front;tû<b/>nə̀<b/>to<b/>nsoʼ;adj
se<b/>tresser;nə̀<b/>baʼ<b/>tu;vblex
se<b/>raser;nə̀<b/>kom<b/>tu;vblex
laver;nə̀<b/>sǒg;vblex
se<b/>laver<b/>le<b/>visage;nə̀<b/>sǒg<b/>sə;vblex
maigrire;nə̀<b/>jumə;vblex
injurier;nə̀<b/>cǎb<b/>ncù;vblex
se<b/>mmoquer;nə̀<b/>cǎb<b/>ncù;vblex
se<b/>rejouir;nə̀<b/>tsiàŋtə̌;vblex
gronder;nə̀<b/>cʉagə;vblex
aimer;nə̀<b/>kɔ̌;POS
avoir<b/>du<b/>coeur;nə̀<b/>bwɔ̌<b/>ntʉ;POS
envier<b/>quelque<b/>chose;nə̀<b/>cʉ̌<b/>ju;POS
être<b/>malicieux;nə̀<b/>zətə;adj
être<b/>gai;nə̀<b/>satə;adj
être<b/>tétu;nə̀<b/>tǎ<b/>tu;vblex
obiellir;nə̀<b/>juʼ<b/>ncù;vblex
voler;nə̀<b/>fələ;vblex
être<b/>ouvert;nə̀<b/>fʉǎg<b/>ncù;adj
être<b/>sournois;nə̀<b/>lɛ̌d<b/>ncù;adj
faire<b/>un<b/>bon<b/>exceptionnel;nə̀<b/>zwiɑ̀gə;vblex
gouter;nə̀<b/>zwiʼtə;vblex
écouter;nə̀<b/>zwiʼtə;vblex
comprendre;nə̀<b/>juʼ<b/>tǔn<b/>nù;vblex
sourire;nə̀<b/>nǔʼ<b/>zwì;vblex
rire;nə̀<b/>zwǐ;vblex
pleurer;nə̀<b/>lɑ̀nə;vblex
se<b/>lamenter;nə̀<b/>lɑ̀nə;vblex
pleurer;nə̀<b/>kwaʼa;vblex
camoufler<b/>le<b/>rire;nə̀<b/>lǎb<b/>zwì<b/>kog;vblex
masser;nə̀<b/>sàmə;vblex
s'étirer;nə̀<b/>sǎm<b/>wʉd;vblex
secher;nə̀<b/>yagə;vblex
bayer;nə̀<b/>yagə;vblex
s'enquiéter;nə̀<b/>lǎb<b/>wud;vblex
grincer<b/>les<b/>dent;nə̀<b/>fɛd<b/>nsɔ;vblex
soufrire;nə̀<b/>fɛd<b/>nsɔ;vblex
prendre<b/>conscience;nə<b/>lǒ<b/>ntʉ<b/>nɛ̌n<b/>càm<b/>yi;vblex
bruler;nə̀<b/>tonə;vblex
gere<b/>l'argent;nə̀<b/>tɔ̌<b/>nkab;vblex
commander;nə̀<b/>tɔ̌<b/>bənntʉ̀n;vblex
s'arreter;nə̀<b/>tsinə;vblex
rouler;nə̀<b/>yàŋə;vblex
déraisoner;tu<b/>nə̀<b/>ghua'<b/>mfʉɑg;vblex
garder<b/>racune;nə̀<b/>laŋ<b/>mbaŋə;vblex
voler<b/>par<b/>dissimulation;nə̀<b/>ghùmtə̌;vblex
être<b/>audacieux;nə̀<b/>koʼ<b/>tu;vblex
faire<b/>du<b/>mal<b/>à<b/>autruit;nə̀<b/>yɑb<b/>ngəʼ;vblex
faire<b/>du<b/>mal<b/>à<b/>autruit;nə̀<b/>ka<b/>ngəʼ;vblex
faire<b/>du<b/>mal<b/>à<b/>autruit;nə̀<b/>ghʉ̌<b/>ngəʼ;vblex
rivaliser;nə̀<b/>maŋ<b/>ndʉ̀ʼ;vblex
sourcile;Nkaŋmiɑg;n
cills;Nyǎŋmiɑg;pr
joue;ghə̀ʼ;n,sg
joues;ngeʼ;n,pl
paupiers;ngǔblɑg;n
lévre;kə̀kǔbncù;n
gencives;ntagə;n
barbe;nyǎŋncù;n
épaule;nkə̀mbə̀ʼ;n
avant<b/>bras;ndâŋbu;n
aisselle;kə̀kag;n
cuisse;tàmmbwə̀;n
fesse;cwɛ̂dtùn;n
fesses;ncwɛ̂dtùn;n
genou;tûkəkwiʼ;n
anus;mbwòŋtùn;n
tampe;nkaŋtu;POS
partie<b/>dorsale<b/>du<b/>cou;sàŋ;n
ganglion<b/>du<b/>cou;ngâtɔ;n
nombrile;tɔ̀;n
flanc;nsa;n
étoile;sa;n
jeu;sa;n
étoiles;nsa;n
colone<b/>vertebrale;kǎʼ<b/>mvɛ̀n;n
zone<b/>du<b/>dos;ncuǎʼ<b/>nkə̀mbə̀ʼ;POS
bas-ventre;nə̂ndiâŋ;n
jambe;fʉnkù;n
mollet;njàmkù;n
revers<b/>de<b/>la<b/>main;mvɛ̀nbu;n
coude;tǔnbu;n
majeur;nsàtubu;pr
auriculaire;nkědntubu;n
tendon<b/>d'archille<b/>;ngǎkù;n
talon;tǔnkù;n
interval<b/>entre<b/>les<b/>doits;mfêʼbu;n
plante<b/>des<b/>pieds;bǎmkù;n
estomac;cagə;n
salive;nsti;n
cuir<b/>chevelu;ngùbtu;n
gorge;lɔtɔ;n
coeur;kɔ̂ntʉ;n
intime;kɔ̂ntʉ;n
âme;ndem;n
conscience;ndem;n
respiration;zwiàg;n
côte;kǐdnsa;n
articulation;njòŋvogə;n
chair;mbàbwʉd;n
muscle;mbàbwʉd;n
tandon;ngà;n
nerd;ngà;n
anus;lɑgtùn;n
anus;ntɔ̂tùn;n
fontanelle;nzwìn;n
proitrine;mbʉ̀m;n
pensée;nkwàtə̀;n
honte;tûswə;n
peur;bwog;n
bonté;bwɔ̌ntʉ;n
méchanceté;cʉagntʉ;n
acide;cʉagə;n
sérerité;cʉag;n
gronder;cʉagə;n
colère;yântʉ;n
chagrin;zwə̂ntʉ;n
malice;zətə;n
gaieté;satə;n
entêtement;tǎtu;n
envier;cʉ̀ju;n
honneur;nkùʼnì;n
mensonge;tadtə̀;n
vèrité;nənʉnə;n
paresse;ywɛnə;n
joie;tsiàŋtə̀;n
détour;lamtə;n
étourderie;kàgnì;n
pleureur;bîʼtɔ;n
pleureur;lɑ̀nyɑ̀;n
gourmandise;ncɑ̂mntʉ;n
gloutonnerie;jʉkəywɛd;n
endurcissement;fɛ̀ntə̀;n
douceur;bednì;n
ennui;ngʉ̀dnì;n
manie;ghòmtə̀;n
fatigue;bod;n
force;tà;n
force<b/>concurante;maŋ;n
force<b/>concurante;ndʉ̀ʼ;n
puissance;mbàʼ;n
désir;kʉ̂ntʉ;n
soif;kʉ̂ntʉ;n
tromperie;fʉ̀tə̀;n
amadouement;badtə̀;n
orgueil;kàʼtə̀;n
vantardise;kotə̀wʉd;n
beauté;məbwɔ̀;n
le<b/>beau;məbwɔ̀;n
hypocrisie;mfʉm;n
zone<b/>pubienne;nətàʼ;n
édenté;kə̀sɔ;n
espion;juʼ<b/>soŋə;n
sourd;mbuʼntoŋ;adj
aveugle;mfʉ̌miɑg;adj
borgne;tôdlɑg;adj
muet;kə̀cob;adj
morveux;lɔ̂ntsəlɑg;adj
œil<b/>ayant<b/>un<b/>taie;sǎlɑg;n
bave;nə̀ndʉ;n
bave<b/>séche;nkə̀ke;n
front<b/>bombé;kaŋsə;adj
têteb<b/>avec<b/>des<b/>cheveux<b/>blanc;fôgtu;adj
viellard;fôgtu;n
personne<b/>particulièrement<b/>forte;vôgncʉ;n
éternument;ghaʼcie;n
qualité;màd;n
défaut;màd;n
façon<b/>ou<b/>maniere;màd;pr
amour;nkɔ̀nì;n
coté;bàg;pr
partie;bàg;n
fendre;bàgə;vblex
ardoise;bǎgcɛd;n
tableau;cɛd;n
paneau<b/>publicitaire;cɛ̂d<b/>soŋ;n
barbillar;cɛ̂d<b/>soŋ;n
d́epartement;bǎgngɔ̀;n
une<b/>division<b/>de<b/>cola;bǎgbwə;n
page<b/>du<b/>livre;bǎgŋwàʼnì;n
assiette(plat);bǎdka;n
côté<b/>de<b/>la<b/>maison<b/>;bǎdndɑ;n
morceau<b/>de<b/>bois<b/>fendu;bǎdncwɛn;n
zigzag;bǎgbàg;n
paquet;buʼ;n
forêt;buʼ;n
cahier;buʼkì;n
livre;buʼŋwàʼnì;n
papier;buʼŋwàʼnì;n
paquet<b/>de<b/>cotton;buʼndəb;n
paquet<b/>de<b/>reméde;buʼmfu;n
paquet<b/>vide;buʼmfʉm;n
rouleau<b/>de<b/>tissu;buʼnzwə;n
paquet<b/>de<b/>cirgarette;bu'nə̀bàʼ;n
tabac;nə̀bàʼ;n
paquet<b/>de<b/>sel;buʼngwa;n
commandement;tɔ̀;n
dépendance<b/>d'une<b/>maison;fə̀ʼ;n
cuisine;fə̌ʼmbogə;n
magasin<b/>de<b/>bois;fə̌ʼncwɛn;n
mon;ɑ̀m;pos
mon;ɑm;pos
mon;sɑm;pos
ton;ù;pos
ton;u;pos
ton;su;pos
son;zə̀;pos
son;zə;pos
son;sə;pos
nos;yâg;pos
vos;yîn;pos
leurs;yûb;pos
nos;yag;pos
vos;yin;pos
leurs;yub;pos
nos;sag;pos
vos;sin;pos
leurs;sub;pos
cher<b/>ami;nshun<b/>ɑ̂m<b/>zə̀<b/>tà<b/>njòŋ;ij
chers<b/>frère;mfɛl<b/>ɑ̂m<b/>zə̀<b/>mɑndùm<b/>zə̀<b/>tà<b/>njòŋ;ij
chère<b/>soeur;mfɛl<b/>ɑ̂m<b/>zə̀<b/>mɛ̀nnzwi<b/>zə̀<b/>tà<b/>njòŋ;ij
chères<b/>amies;nshun<b/>cɑ̀m<b/>tsə̀<b/>tà<b/>njòŋ;ij
bon;mbwɔ;ij
soyez<b/>sans<b/>crainte;kâ<b/>ntʉ<b/>zin<b/>vɛ̀dtə̀;ij
bonne<b/>année;ngǔʼnjʉ<b/>nswə<b/>mə̀bwɔ;ij
bon<b/>après<b/>midi<b/>à<b/>tous;mbwogcʉ<b/>məbwɔ<b/>bin;ij
bon<b/>après<b/>midi;mbwogcʉ<b/>mə̀bwɔ;ij
bonsoir<b/>à<b/>tous;mfə̌dnjʉ<b/>mə̀bwɔ̂<b/>bin<b/>fa;ij
bonjour;O<b/>zi<b/>ɑ̀;ij
bonjour;nkə̂bnjʉ<b/>mə̀bwɔ;ij
bonjour<b/>à<b/>tous;nkə̂bnjʉ<b/>məbwɔ<b/>bin<b/>fa;ij
bonjour<b/>a<b/>tous;bin<b/>zi<b/>ɔ;ij
bonsoir<b/>à<b/>tous;bin<b/>yog<b/>di<b/>ɔ̂;ij
bonsoir;O<b/>yog<b/>à;ij
oh;ɔʼ;ij
joyeuses<b/>pâques<b/>à<b/>tous;jʉa<b/>pasa<b/>mə̀bwɔ̂<b/>bìn<b/>fa;ij
joyeux<b/>noël<b/>à<b/>tous;jʉa<b/>bʉ<b/>mɛ̂n<b/>yòg<b/>mə̀bwɔ<b/>bìn<b/>fa;ij
joyeux<b/>noël;jʉa<b/>bʉ<b/>mɛ̂n<b/>yòg<b/>mə̀bwɔ̂;ij
salut;mə<b/>càʼtə̌;ij
salut<b/>à<b/>tous;mə<b/>càʼtə<b/>zin<b/>fa;ij
malgré;mbɑ̀<b/>tà<b/>ndʉlɑlɑ;ij
ça<b/>suffit;a<b/>kùʼu;ij
merci;mə<b/>bam;ij
merci;mə<b/>lɑ̀btə̌;ij
merci<b/>beaucoup;mə<b/>lɑ̀tə̌<b/>nə̀shù;ij
merci<b/>beaucoup<b/>à<b/>tous;mə<b/>lɑ̀btə̀<b/>zin<b/>fafa;ij
merci<b/>beaucoup<b/>à<b/>vous;mə<b/>lɑ̀btè<b/>zinə;ij
merci<b/>beaucoup<b/>à<b/>vous<b/>tous;mə<b/>lɑ̀btə̀<b/>zin<b/>yɑmə;ij
merci<b/>beaucoup<b/>à<b/>toi;mə<b/>lɑ̀tə̀<b/>u<b/>yɑmə;ij
moi;mə̀;prn,tn,p1,mf,sg
toi;wʉ̀;prn,tn,p2,mf,sg
lui;yi;prn,pro,p3,mf,sg
il;a;prn,p3,f,sg
elle;a;prn,p3,f,sg
nous;bag;prn,pro,p1,mf,pl
vous;bin;prn,pro,p2,mf,pl
eux;bo;prn,tn,p3,m,pl
moi-même;yɑ̂m<b/>tu<b/>wud;prn,ref,p1,mf,sg
toi-même;yû<b/>tu<b/>wud;prn,ref,p2,mf,sg
lui-même;zə̀<b/>tû<b/>wud;prn,ref,p3,GD,sg
soi-même;sə̂<b/>tu<b/>wud;prn,ref,p3,mf,sg
nous-mêmes;yâg<b/>tu<b/>wud;prn,ref,p1,mf,pl
vous-mêmes;yîn<b/>tu<b/>wud;prn,ref,p2,mf,pl
eux-mêmes;yûb<b/>tu<b/>wud;prn,ref,p3,GD,pl
quel;yilə;prn,itg,GD,sg
quel;yilə;prn,itg,GD,sg
quel;silə;prn,itg,GD,sg
quel;milə;prn,itg,GD,sg
quel;tsilə;prn,itg,GD,sg
combien;pegement;prn,itg,mf,sp
combien;siʼi;itg
qui;wə;prn,itg,mf,sp
quand;sə;prn,itg
quand;shugə;itg
où;yɑ;itg
quelle<b/>heure<b/>est-il;a<b/>bə<b/>ɑ̂<b/>nyàm<b/>siʼi;itg
celui-ci;yənnî;prn,tn,GD,pl
celui-ci;yənnî;prn,m,sg
celui-ci;sənnî;prn,m,sg
ceux-ci;mənnî;prn,m,pl
ceux-ci;cənnî;prn,m,pl
celui-là;yənnɑ;prn,m,sg
celui-là;sə̂nnɑ;prn,m,sg
celui-là;yənnɑ;prn,m,sg
ceux-là;mənnɑ;prn,m,pl
ceux-là;cənnɑ;prn,m,pl
celui;mə̌n;prn,m,sg
tout;fafa;prn,tn,m,pl
chacun;mbɑ̀<b/>yîd<b/>mə̀n;prn,tn,m,pl
l’autre;jû<b/>wa;prn,tn,mf,sg
l’autre;mɛ̀n<b/>wa;prn,tn,mf,sg
le<b/>mien;yɑ̀m;prn,pos,GD
le<b/>mien;yɑ̂m;prn,pos,GD
le<b/>mien;sɑm;prn,pos,GD
le<b/>tien;yù;prn,pos,GD
le<b/>tien;yu;prn,pos,GD
le<b/>tien;su;prn,pos,GD
le<b/>sien;zə̀;prn,pos,GD
le<b/>sien;zə;prn,pos,GD
le<b/>sien;sə;prn,pos,GD
le<b/>nôtre;sagə;prn,pos,GD
le<b/>nôtre;magə;prn,pos,m
le<b/>nôtre;cagə;prn,pos,GD
le<b/>vôtre;yìn;prn,pos,GD
le<b/>vôtre;yinə;prn,pos,GD
le<b/>vôtre;sinə;prn,pos,GD
le<b/>vôtre;minə;prn,pos,GD
le<b/>vôtre;tsinə;prn,pos,GD
le<b/>leur;yùb;prn,pos,GD
le<b/>leur;yubə;prn,pos,GD
le<b/>leur;subə;prn,pos,GD
le<b/>leur;mubə;prn,pos,GD
le<b/>leur;cobə;prn,pos,GD
la<b/>plupart<b/>de;mbə̀ʼ<b/>yɑmə;prn,tn,f,sg
beaucoup<b/>de;yɑmə;prn,tn,f,sg
rien;sɑ̌mju;prn,tn,nt,sg
n’importe<b/>quoi;mbɑ̀<b/>kəlɔ̂;prn,tn,nt,sg
quiconque;mbɑ̀<b/>wəlɔ;prn,tn,mf,sg
quelqu’un;mɛ̀nntʉ̀n;prn,tn,GD,sg
quelque<b/>chose;môʼ<b/>ju;prn,tn,nt,sg
ça;yenni;prn,tn,nt,sg
ça;yenni;prn,tn,nt,sg
ça;senni;prn,tn,nt,sg
celui<b/>qui;mə̌n<b/>zə<b/>a;rel,m,pl
ce<b/>qui;ju<b/>zə<b/>a;rel,nt,sg
depuis<b/>que;fə<b/>ngə̀laŋ<b/>zə̀;cnjadv
pour<b/>que;nǔm<b/>dʉ̂;cnjadv
à<b/>partir<b/>du<b/>jour<b/>où;fə<b/>leʼ<b/>zə;cnjadv
dès<b/>que;mbɑ̀;cnjadv
le<b/>plus<b/>souvent;mbə̀ʼ<b/>yɑ̂m<b/>ngəlaŋ;cnjadv
bien<b/>sûr<b/>que;ɑ̂<b/>nənʉnə<b/>mbə;cnjadv
la<b/>manière<b/>dont;màd<b/>nə̀;cnjadv
à<b/>chaque<b/>fois<b/>que;njǒŋ<b/>ngəlaŋ<b/>zə;cnjadv
jusqu’à<b/>ce<b/>que;tɑ̀;cnjadv
chaque<b/>fois;njǒŋ<b/>ngə̀laŋ<b/>fa;cnjadv
c’est-à-dire;mbɑ̂<b/>mbə;cnjadv
au<b/>moment<b/>où;ngə̀laŋ<b/>zə;cnjadv
à<b/>un<b/>moment<b/>où;môʼ<b/>ngə̀laŋ<b/>zə;cnjadv
aussitôt<b/>que;mbɑ<b/>mbə;cnjadv
pendant<b/>que;ngəlaŋ<b/>zə;cnjadv
pendant<b/>ce<b/>temps;yə̂n<b/>ngəlaŋ<b/>lɑ;cnjadv
alors<b/>que;ndʉ̀;cnjadv
sans<b/>doute;kə̀<b/>cɑm;cnjadv
donc;a<b/>ghʉ̂;cnjadv
comme;mbɑ;cnjadv
comme<b/>si;mbɑ̂;cnjadv
comme<b/>prévu;mbɑ̀<b/>bo<b/>kwà<b/>lɑ;cnjadv
de<b/>peur<b/>que;nkə<b/>mbwog<b/>mbə;cnjadv
ceci<b/>étant;mbɑ<b/>a<b/>bə̂<b/>ndʉlɑlɑ<b/>lɑ;cnjadv
si;à;cnjadv
la<b/>prochaine<b/>fois;môʼ<b/>ngə̀laŋ;cnjadv
la<b/>prochaine<b/>fois<b/>que;môʼ<b/>ngə̀laŋ<b/>zə;cnjadv
avant<b/>que;kɑ̂;cnjadv
dès<b/>que;mbɑ̀;cnjadv
ainsi;ndʉlɑlɑ;cnjadv
plus<b/>que;nshɑ̂<b/>mbɑ;cnjadv
sauf<b/>si;ndǎʼ<b/>mbə<b/>zə;cnjadv
et;bô;cnjcoo
mais;ndǎʼ<b/>ndʉ;cnjcoo
car;nǔmmbə̂;cnjcoo
ni;kə̀<b/>bə;cnjcoo
puisque;nǔM<b/>ndʉ̂;cnjsub
quand;ngə̀laŋ<b/>zə̀;cnjsub
parce que;nǔmmbə̌;cnjsub
quoique;mbɑ̀<b/>mbɑ;cnjsub
le<b/>temps<b/>que;ngə̀laŋ<b/>zə̀;cnjsub
à;;pr
depuis;a<b/>ghubtə̀;pr
depuis<b/>le<b/>début<b/>de;fə<b/>mba<b/>bo<b/>tôʼ;pr
depuis<b/>la<b/>fin<b/>de;fe<b/>mbɑ<b/>bo<b/>tsin;pr
avant;mbǒg<b/>mbwə̀;pr
pour;nǔM;pr
de<b/>la<b/>part<b/>de;mbɛ̂n<b/>cage;pr
parmi;nətɛd;pr
derrière;nyam;pr
au<b/>milieu<b/>de;nə̀tɛ̌d;pr
en<b/>dessous<b/>de;mbǎm;pr
au<b/>niveau<b/>de;nkûm<b/>njǒŋ;pr
avant;mbwə̀;pr
devant;mbwə̀;pr
au<b/>côté<b/>de;mbaŋ;pr
au<b/>dessus<b/>de;nǔm;pr
à<b/>moins<b/>de;kə̀<b/>kǔm;pr
en<b/>face<b/>de;mbwə̌;pr
près<b/>de;mbaŋ;pr
après;nyàm;pr
à<b/>quelle<b/>heure;yîd<b/>ngə̀laŋ<b/>ɑ̀;pr
malgré;mbɑ<b/>mba<b/>;pr
alor;ndʉ<b/>mbɑ;pr
à<b/>l’intérieur<b/>de;ntʉ̂m;pr
sous;bǎm;pr
comme;mbɑ̂;pr
au<b/>coeur<b/>de;ntʉ̂<b/>bwə;pr
en<b/>collaboration;nkə<b/>mfaʼ<b/>bô;pr
dire;nə̀<b/>cobə;vblex
gluant;lɔ;adj
un;ncʉʼ;num
deux;bɑhɑ;num
trois;tad;num
quatre;kuà;num
cinq;tɑn;num
six;ntogə;num
sept;sɑ̀mmbɑhɑ;num
huit;fomə;num
neuf;bwəʼə;num
dix;gham;num
cent;nkʉ;num
mille;ncaʼ;num
sale<b/>de<b/>bain;fə̌ʼnstə;n
cuisine<b/>interne<b/>;toʼfə̌ʼmbwogə;n
point;tsin;n
arreter;nə̀<b/>tsinə;vblex
arret;tsin;n
piont<b/>d'intérogation;tsin<b/>mbɛdtə;pr
point<b/>d'exclamation;tsin<b/>mcɑmə;n
point<b/>de<b/>suspension;tsin<b/>nkagə;n
piont<b/>d'exclation;tsin<b/>faŋə;n
deux<b/>points;tsin<b/>ntʉntə;n
point<b/>virgule;tsin<b/>zwiage;n
sale<b/>de<b/>pensement;ndɑ̂mfaŋə;n
salle<b/>d'acouchement;ndɑ̂bwə;n
salle<b/>d'attente;ndɑ̂beb;n
hôtel;ndɑ̂ghʉ̀n;n
auberge;ndɑ̂ngʉ̀n;n
usine;ndɑ̂lam;n
prison;ndɑ̂ca;n
salle<b/>d'audience<b/>au<b/>tribunal;ndɑ̂ncà;n
église;ndɑ̂nsi;n
salle<b/>piqûre;ndɑ̂nto;n
commissariat;ndɑ̂toŋnkù;n
gendamerie;ndɑ̂bə̀fə̀;n
salle<b/>cabalistique;ndɑ̂nsa;n
salle<b/>de<b/>spectacle;ndɑ̂diaŋyən;n
banque;ndɑ̂nkɑb;n
banque;ndɑ̂mbʉm;n
lieu<b/>où<b/>on<b/>travaille<b/>sans<b/>justice;ndɑ̂mfʉm;pr
maison;ndɑ;n
héritage;ndɑ;n
chambre<b/>d'agriculture;ndɑ̂<b/>nǔnɑ̀;n
chambre<b/>de<b/>commerce;ndɑ̂nǔntɑnə;n
pays;ngɔ̀;n
groupement<b/>de<b/>village;ngɔ̀;n
peuple;ngɔ̀;n
population;ngɔ̀;n
patrie;ngɔ̌<b/>bàmɛ̀n;n
démocratie;ngɔ̌tɔ̀ngɔ̀;n
monarchie;fə̌ntɔ̀ngɔ̀;n
gouvernement<b/>par<b/>les<b/>riches;kamtɔ̀ngɔ̀;n
bureaucratie;kʉdtɔ̀ngɔ̀;n
physiocratie;caʼtɔngɔ̀;n
gerentocratie;dʉbtɔngɔ̀;n
tyranie;ngʉ'tɔ̀ngɔ;n
tyranie;tǎtɔ̀ngɔ̀;n
monarchie<b/>de<b/>droit<b/>divin;fə̌ntɔ̀ngɔ̀<b/>bô<b/>nsi;n
U.P.C;Tàmtə̀<b/>Bon<b/>Kamerun;abbr
U.N.C;Tàmtə̌<b/>Ngɔ̌<b/>Kamerun;abbr
R.D.P.C;Mbùmtə̀<b/>Bon<b/>Kamerun<b/>nǔm<b/>ngɔ̌tɔ̀ngɔ̀;n
province;kǎmngɔ̀;n
sale<b/>de<b/>bain;fə̌ʼnstə;n
cuisine<b/>interne<b/>;toʼfə̌ʼmbwogə;n
point;tsin;n
arret;tsin;n
piont<b/>d'intérogation;tsin<b/>mbɛdtə;pr
point<b/>d'exclamation;tsin<b/>mcɑmə;n
point<b/>de<b/>suspension;tsin<b/>nkagə;n
piont<b/>d'exclation;tsin<b/>faŋə;n
deux<b/>points;tsin<b/>ntʉntə;n
point<b/>virgule;tsin<b/>zwiage;n
sale<b/>de<b/>pensement;ndɑ̂mfaŋə;n
salle<b/>d'acouchement;ndɑ̂bwə;n
salle<b/>d'attente;ndɑ̂beb;n
hôtel;ndɑ̂ghʉ̀n;n
auberge;ndɑ̂ngʉ̀n;n
salle<b/>de<b/>dactylography;ndɑ̂kì;n
usine;ndɑ̂lam;n
prison;ndɑ̂ca;n
salle<b/>d'audience<b/>au<b/>tribunal;ndɑ̂ncà;n
église;ndɑ̂nsi;n
salle<b/>piqûre;ndɑ̂nto;n
commissariat;ndɑ̂toŋnkù;n
gendamerie;ndɑ̂bə̀fə̀;n
salle<b/>cabalistique;ndɑ̂nsa;n
salle<b/>de<b/>spectacle;ndɑ̂diaŋyən;n
banque;ndɑ̂nkɑb;n
banque;ndɑ̂mbʉm;n
lieu<b/>où<b/>on<b/>travaille<b/>sans<b/>justice;ndɑ̂mfʉm;pr
maison;ndɑ;n
héritage;ndɑ;n
chambre<b/>d'agriculture;ndɑ̂<b/>nǔnɑ̀;n
chambre<b/>de<b/>commerce;ndɑ̂nǔntɑnə;n
pays;ngɔ̀;n
groupement<b/>de<b/>village;ngɔ̀;n
peuple;ngɔ̀;n
population;ngɔ̀;n
patrie;ngɔ̌<b/>bàmɛ̀n;n
démocratie;ngɔ̌tɔ̀ngɔ̀;n
monarchie;fə̌ntɔ̀ngɔ̀;n
gouvernement<b/>par<b/>les<b/>riches;kamtɔ̀ngɔ̀;n
bureaucratie;kʉdtɔ̀ngɔ̀;n
physiocratie;caʼtɔngɔ̀;n
gerentocratie;dʉbtɔngɔ̀;n
tyranie;ngʉ'tɔ̀ngɔ;n
tyranie;tǎtɔ̀ngɔ̀;n
monarchie<b/>de<b/>droit<b/>divin;fə̌ntɔ̀ngɔ̀<b/>bô<b/>nsi;n
U.P.C;Tàmtə̀<b/>Bon<b/>Kamerun;abbr
U.N.C;Tàmtə̌<b/>Ngɔ̌<b/>Kamerun;abbr
R.D.P.C;Mbùmtə̀<b/>Bon<b/>Kamerun<b/>nǔm<b/>ngɔ̌tɔ̀ngɔ̀;n
province;kǎmngɔ̀;n
arrondissement;Tǎŋngɔ̀;n
la<b/>polique;nǔnə̀tɔ̌ngɔ̀;n
village;tûmngɔ̀;n
nationalité;tûmngɔ̀;n
O.N.U;Ntàmtə̀<b/>Ngɔ̌ngɔ̀;abbr
CEMAC;Ntàmtə̀<b/>Ngɔ̂<b/>Tɛ̌d<b/>Afrika;n
cour<b/>internationale<b/>de<b/>justice;ndɑ̂ncà<b/>ngɔ̌ngɔ̀;n
scéne<b/>gastronomique;diaŋjʉ;n
queue<b/>de<b/>cheval;swadiaŋə;n
objets<b/>de<b/>parade;cûdiaŋə;n
objet<b/>de<b/>luxe;jûdiaŋə;n
festival<b/>culturel;diaŋ<b/>ntsiʼi;n
foir;diaŋntɑnə;n
semaine<b/>culturel;ngâbnjʉ<b/>diaŋtsiʼi;n
une<b/>émmision<b/>de<b/>radio/télévision;diaŋnkʉ̀n;n
rien<b/>qu’avec;ndǎʼ<b/>bô;POS
garnir;lə;n
coussin;lə̂diaŋ;n
coussin;lə̂kòʼ;n
corbeille;kàg;n
camion;lǒŋkàg;n
poussepousse;yaŋkàg;n
casier<b/>de<b/>boisson;kǎg<b/>ndùʼ;n
punition<b/>très<b/>lourde;nə̀<b/>na<b/>kàg;n
démi;kàm;num
partie;kàm;n
morceau;kàm;n
culotte;kǎmcə̌ʼ<b/>nkù;n
pantalon;cə̌ʼ<b/>nkù;n
province;kǎmngɔ̀;n
piece<b/>d'un<b/>document;kǎmŋwàʼnì;n
cinq<b/>heur<b/>et<b/>démie;nyàm<b/>tɑ̂n<b/>kàm;num
je<b/>ne<b/>sais<b/>combien<b/>de;mə̀<b/>kə̂ʼ<b/>lɛ̌n<b/>njǒŋ;POS
siège<b/>en<b/>bois;kàmnkòʼ;n
devise;bʉʼ;n
devise<b/>personnel;bʉʼmɛ̀n;n
brouette;yaŋka;n
voiture<b/>militaire;yaŋbàʼ<b/>ncò;n
ambulance;yaŋbǎʼ<b/>ghòn;n
bâtonnet;kʉlə;n
pointe<b/>a<b/>écrire;kʉlə;n
études;kʉlə;n
crayon;kʉdnjum;n
stylo;kʉ̂dfi;n
pointe<b/>à<b/>écrire;kʉdŋwàʼnì;n
petite<b/>antenne<b/>radio;kʉdmfoŋə;n
petite<b/>antenne<b/>de<b/>télévision;kʉdngʉɑyən;n
écrivain;ndɛ̀nkʉlə;n
poète;ndɛ̀nkʉlə;n
salle;ndɑ;n
secrétariat;ndɑ̂càm;n
salle<b/>d'annonce;ndɑ̂bʉ;n
salle<b/>de<b/>maternité<b/>;ndɑ̂bwə;n
salle<b/>de<b/>pesée;ndɑ̂fìʼ;n
maison<b/>de<b/>radio;ndɑ̂foŋə;n
poste<b/>radio;kwêfoŋə;n
ondes;foŋə;n
pharmacie;ndɑ̂mfu;n
restaurent;ndɑ̂caŋ;n
bar;ndɑ̂nduʼ;n
point<b/>final;tsin<b/>tòŋncʉʼ;n
virgule;zwiàgə;n
lieu;dʉʼ;n
endroit;dʉʼ;n
lot;dʉ̌ʼbàʼ;n
atelier<b/>de<b/>tissage;dʉ̌ʼbaʼ;n
lieu<b/>de<b/>fête;dʉ̌ʼjʉa;n
garage<b/>pour<b/>vélo;dʉ̌ʼba;n
secrétariat;dʉ̌ʼcàm;n
lieu<b/>d'accident;dʉ̌ʼfà;n
lieu<b/>de<b/>travaille;dʉ̌ʼfàʼ;n
péage;dʉ̌ʼfèʼ;n
paierie;dʉ̌ʼncùb;n
maison<b/>de<b/>la<b/>radio;dʉ̌ʼfoŋə;n
hopital;dʉ̌ʼghòn;n
clinique;dʉ̌ʼghòn;n
lieu<b/>de<b/>rendez-vous;dʉ̌ʼkàʼ;n
front<b/>de<b/>combat;dʉ̌ʼncò;n
domicile;dʉ̌ʼntswə;n
lieu<b/>de<b/>communication;dʉ̌ʼnkʉ̀n;n
établissement<b/>scolaire;dʉ̌ʼŋwàʼnì;n
lieu<b/>où<b/>on<b/>dort;dʉ̌ʼzi;n
lieu<b/>d'apprentissage;dʉ̌ʼziʼ;n
lieu<b/>d'attente;dʉ̌ʼbeb;n
banque;dʉ̂ʼnkɑb;n
pharmacie;dʉ̌ʼfu;n
parade;diaŋ;n
exhibition;diaŋ;n
scène<b/>de<b/>tir;diaŋ<b/>màʼ;n
conférence;diaŋncobə;n
compétition<b/>de<b/>course;diaŋndə;n
théàtre;diaŋsa;n
scène<b/>de<b/>boxe;daiŋ<b/>ntòʼ;n
cercle<b/>d'étude;diaŋnù;n
compétition<b/>de<b/>buveurs;diaŋnu;n
théàtre<b/>tragique;diaŋnyɑ;n
théàtre<b/>tragique;diaŋzwə;n
théàtre<b/>comique;diaŋzwi;n
ivrogne<b/>;mbûmndùʼ;n
compteur;nsôŋcɔ̀;n
bavard;nsôŋcɔ̀;n
menteur;nsôŋcɔ̀;n
discrimination;tɔ̀tə̀;n
voyou;ghâgha;n
vaillance;ŋwatə̀;n
précipitation;vògtə̀;n
brouille;faʼtə̀;n
pardon;làgtə̀;n
mauvaise<b/>personne;mɛ̀nkə̀bwɔ̀;n
pécheur;mɛ̀nkə̀bwɔ̀;n
péché;nùkə̀bwɔ̀;n
bon<b/>personne;mɛ̀nmə̀bwɔ;adj
être<b/>prêt;nə̀<b/>lǒ<b/>fɑ;adj
avoir<b/>de<b/>la<b/>chances;nə̀<b/>bwɔ̌<b/>linə;adj
avoir<b/>de<b/>la<b/>malchances;nə̀<b/>bɑg<b/>linə;adj
pousser;nə̀<b/>tɛntə;vblex
être<b/>gènè<b/>par<b/>le<b/>someil;nə̀<b/>cǎŋtə̌<b/>miɑ̂glo;
savoir<b/>remercier;nə̀<b/>lɑ̌b<b/>ncù;adj
lenteur<b/>d'agissement;mbɛnə;n
lenteur<b/>d'agissement;ywɛnə;n
empressement;nɑntə̀;n
courage;fɛ̌nntʉ;n
courage;kàgtʉ̀n;n
montrer<b/>la<b/>force<b/>ne<b/>l'ayant<b/>pas;nə̀<b/>sab<b/>ndʉʼ;
dénoncer;nə̀<b/>bʉlə;vblex
s'annoncer;nə̀<b/>bʉlə;vblex
exagerer;nə̀<b/>yaʼ<b/>nkaʼ;vblex
un<b/>égoiste;ngəʼə;n
malheur;ntobnì;n
souffrance;nsôbnì;n
tristesse;nywin;n
espoir;nywintə̀;n
détourner;ghumtə̀;n
hardiesse;kuni;n
amusement;ghagni;n
calomnie;ndɑ̀m;n
traitrise;nà;n
mélange;tɑ̀btə̀;n
confusion;tɑ̀btə̀;n
défaut;lòʼ;n
jalousie;lɑ̀nmɛ̀n;adj
jalousie;lɑ̂ghəʼə;n
tour<b/>joué;nkʉ̂nkʉ;adj
discrimination;tɔ̀bu;adj
mensonge;kɑ̀btə̀;n
peureux;mbwôgtùn;adj
désobéissance;sɑ̀g;n
dévinette;nkʉd;n
élocution;lamtə̂ncobə;n
mathematiques;ngɑ̌mta;n
nombres;tʉntə̀;n
chiffre;miɑ̂g<b/>tʉntə̀;abbr
numéro;kɔ̀ki;n
numéro<b/>de<b/>téléphone;kə̀kǐ<b/>kɑb;n
la<b/>lecture;jûnə̀siaŋə;n
vocabulaire;ndɛ̂ncu;n
deux<b/>points;tsin<b/>mbâgtə;n
point<b/>d'exclamation;tsin<b/>ncɑmə;n
point<b/>final;tsin<b/>yoŋncʉʼ;n
point<b/>à<b/>la<b/>ligne;tsin<b/>ndô<b/>num<b/>nka;n
parenthèses;mǎʼ<b/>nə̀tɛ̀d;n
règle;kə̂bnka;n
écriture;bûkì;n
récreation;fitə̀;n
vacances/congès;fitə̀;n
attestation;fə̌kwênta;n
bulletin<b/>de<b/>notes;fə̌kwə̂nta;n
cour<b/>de<b/>recreation;ncûndɑ̂ŋwànì;n
droit<b/>d'inscription;kìlɛn;n
pension;nkɑ̂b<b/>ŋwàʼnì;n
calculer;nə̀<b/>tata;vblex
feuille<b/>de<b/>papier;fə̌<b/>ŋwàʼnì;num
carnet;mə<b/>buʼkì;n
retenir;nə̀<b/>kwimtə;vblex
se<b/>souvenir;nə̀<b/>kwimtə;vblex
reciter;nə̀<b/>côb<b/>tu;vblex
récit;ncôbtu;n
désinner;nə̀<b/>kǐ<b/>sə̂və̀;vblex
colorier;nə̀<b/>còbtə̌;vblex
tracer<b/>une<b/>ligne;nə̀<b/>kəb<b/>nka;vblex
effacer;nə̀<b/>bwə̀tə̌;vblex
gommer;nə̀<b/>coʼo;vblex
enlever;nə̀<b/>coʼo;vblex
expliquer;nə̀<b/>bàgtə̌;vblex
examen;làŋtə̀;n
composition;làŋtə̀;n
inspecter;nə̀<b/>càʼa;vblex
controller;nə̀<b/>càʼa;vblex
correcteur;côʼ<b/>nkʉ̂dfi;n
attache-lettre;lə̌ŋwàʼnì;n
psychologue;ndɛ̀màd;n
psychologie;ngɑ̂mmàd;n
sociologue;ndɛ̀nntsəʼtə̀;n
sociologie;ngɑ̂mntsəʼtə̀;n
psychiâtre;ndɛ̀nbɑ;n
psychiâtrie;ngɑ̂mbɑ;n
anthropologue;ndɛ̀nbə̀n;n
anthropologie;ngɑ̂mbə̀n;n
diplôme;fə̌coʼnguʼu;n
3/10<b/>;tad<b/>nǔm<b/>nkàm<b/>gham;num
3/10;tad<b/>nǔm<b/>tsə<b/>gham;num
3/10;tad<b/>nǔm<b/>mfè<b/>gham;num
enregistrer;nə̀<b/>sǒ<b/>ndɛn;vblex
recenser;nə̀<b/>sǒ<b/>ndɛn;vblex
inscrire;nə̀<b/>kǐ<b/>ndɛn;vblex
registre;ntàndɛn;n
technologie;ngɑ̂mvʉ̀;n
exception;tûmlam;n
complément<b/>d'effectif;tʉnntswəʼə;n
liste;fə̌ndɛn;n
exagerer;nə̀<b/>yaʼ<b/>nkaʼ;n
photocopie;fèd;n
musicien;ndɛ̀nkwì;n
papier<b/>transparent;yəntəfə̀;n
stencil;fə̌bwogtə̀;n
machine<b/>à<b/>écrire;lǒŋkì;n
photocopieuse;lǒŋfèd;n
duplicateur;lǒŋbwogtə̀;n
carbone;bwogtə;n
instrument;ju;n
jouet;jûsa;n
mot;jǔncobe;n
leçon;jûziʼ;n
sucette;jûfin;n
croquette;jûkɑm;n
croquette;jûkɑmtə̀;n
boisson;jûnu;n
nourriture;jûjʉ;n
objet<b/>de<b/>luxe;jûngʉa;n
objet<b/>de<b/>parade;jûdiaŋ;n
objet<b/>de<b/>luxe;jûkàʼtə̀;n
arme;jûncò;n
fusil;ngɑnə;n
arme;jûncʉag;n
héritage;jûtsiʼ;n
patrimione;jûstiʼ;n
le<b/>jeune;zə̂ntsə;n
les<b/>jeunes;sɑb<b/>bon;n
jeune<b/>fille<b/>à<b/>fiancer;mbàkə̀lɔ̀;
embryon<b/>humain;tuʼlə;n
embryon<b/>humain;tuʼntsə;n
enfant<b/>mysterieux;miɑgnkuà;adj
vampire;ndʉ̀m;n
totem;ziɑgə;n
douceur;nə̀bedni;adv
vieillesse;nə̀ywɛnə;adj
être<b/>alièné<b/>;nə̀<b/>yentə;adj
être<b/>circoncis;nə̀<b/>conjà;adj
garder<b/>rencune;nə̀laŋhaŋə;vblex
trahir;nə̀<b/>ta<b/>nà;vblex
personne<b/>sans<b/>pudeur;kʉǎmɛ̀n;adj
malpropre;fɛ̀ntùn;adj
personne<b/>malpropre;mfiǎmfiǎ<b/>mɛ̀n;adj
phrase;kǔncobe;n
chapitre;kàm;n
paragraphe;kàm;n
ligne;nka;n
vers;nka;n
verset;nka;n
défilé;nkǎnja;n
colle;zìn;n
grammaire;kɑ̌nncobə;n
rédaction;kwànkî;n
recitation;côbtu;n
proverbe;tɑ̂nkʉ̀d;n
geomorphologie;ngɑ̂mmbalə;n
sciences<b/>de<b/>juriste;ngɑ̂mncà;n
linguistique;ngɑ̂mncobə;n
étude<b/>d'avocat;ngɑ̂mkamə;n
étude<b/>de<b/>droit;ngɑ̂mncʉ̀ʼ;n
metéorologie;ngɑ̂mnjʉ;n
astrologie;ngɑ̂mnsa;n
science<b/>poliitique;ngɑ̂mnsaʼngɔ̀;n
sciences<b/>politique;ngɑ̂mtɔngɔ̀;n
araignée;ngɑ̂mnsi;n
théologie;ngɑ̂mncobnsi;n
hydrologie;ngɑ̂mntsə;n
phytologie;ngɑ̂mntʉ;n
geographie<b/>indusrielle;ngɑ̂mntʉnvə̀;n
philosophie;ngɑ̂nù;n
philosophie<b/>de<b/>l'homme;ngɑ̂mzə̂nù;n
philosophie<b/>de<b/>Dieu;ngɑ̂mnǔnsi;n
musoque<b/>vocale;ngɑ̂mkwì;n
musique<b/>instrumentale;ngɑ̂mloŋə;n
connaissance;ngɑ̂mnkʉlə;n
savoir;ngɑ̂mkì;n
savoir<b/>marcher;ngɑ̂mzìn;n
savoir<b/>boxer;ngɑ̂mntòʼ;n
savoir<b/>dancer;ngɑ̂msa;n
architecture;ngɑ̂mbàʼ;n
droit<b/>social;ngɑ̂mfàʼ;n
science<b/>de<b/>l'éducation;ngɑ̂mŋwàʼnì;POS
agronomie;ngɑ̂mnà;POS
science<b/>soumarin;ngɑ̂mnkǒʼntsə;n
ponts<b/>et<b/>chausséee;ngɑ̂mtɔ̂ŋnzə̀;n
étude<b/>des<b/>affaires;ngɑ̂mnù;n
connaissance<b/>du<b/>monde;ngɑ̂nnjʉ;n
étude<b/>du<b/>rire;ngɑ̂mzwì;n
ophtamologie;ngɑ̂mmiɑg;n
étude<b/>des<b/>poiles;ngɑ̂mnyàŋ;POS
menuiserie;ngɑ̂mncwɛn;n
hygiène;ngɑ̂mced;n
régles<b/>hygiène;kɑ̌nced;n
ballon;tɑm<b/>sa;n
goutte<b/>d'eau;tɑm<b/>ntsə;n
goutte<b/>de<b/>boisson;tɑm<b/>nduʼ;n
goutte<b/>de<b/>remède;tɑm<b/>fu;n
affaire;nù;n
idée;nù;n
problèm<b/>philosophique;nù;n
concevoir<b/>une<b/>idée;nə̀<b/>bwə<b/>nù;vblex
la<b/>sagesse;nə̀lɛ̌nnù;adj
richesse;jûnkɑb;n
appareil<b/>de<b/>couchage;jûnɔ̀;n
objet<b/>volé;jûcɔ;n
ce<b/>qui<b/>peut<b/>tenter;jûlàŋtə̀;n
objet<b/>d'art;jûvʉ̀;n
ciseaux;jûsi;n
scie;jûkəb;n
envieux;ncʉ̀ju;adj
proprietaire;ngàju;n
rien;sɑ̌mju;n
papier;jûlɛ̀n<e><p><l>fə;n
papier;fə;n
aille;fə;n
document<b/>sur<b/>papeir;fə;n
billet;fə;n
timbre;fə̌feʼ;n
timbre<b/>fiscal;fə̌feʼ<b/>ncùb;POS
timbre<b/>postal;fə̌fe'<b/>nkʉ̀n;n
timbre<b/>communal;fə̌feʼ<b/>tʉsɔ;n
billet<b/>d/e<b/>'invitation/convocation;fə̌<b/>tsiaŋ;POS
facture;fə̌jun;n
facture<b/>proformat;fə̌kǎʼjun;n
billet<b/>de<b/>demande<b/>d'aide;fə̌lon;n
bon<b/>pour;fə̌njo;n
bon<b/>d'engagement;fə̌nkàʼnì;n
attestation<b/>de<b/>travaille;fə̌fàʼ;n
contrat<b/>de<b/>travaille;fə̌nkɑ̌nfàʼ;n
photocopie;fə̌fèd;n
papier<b/>carbone;fə̌bwogtə̀kì;n
chèque;fə̌bʉnkɑb;n
feuille<b/>de<b/>papier;fə̌<b/>ŋwàʼnì;n
feuille<b/>de<b/>cahier;fə̌<b/>buʼkì;n
feuille<b/>de<b/>livre;fə̌<b/>buʼŋwàʼnì;n
diplôme;fə̌<b/>coʼnguʼu;n
fiche<b/>d'inscription;fə̌<b/>kìlɛn;n
bon<b/>de<b/>commande;fə̌làʼ;n
fiche<b/>de<b/>reseignement<b/>;fə̌<b/>cɔ̀<b/>mɛ̀n;n
C.V;fə̌yǒgmɛ̀n;n
C.V;fə̌yǒgfàʼ;n
C.V;fə̌yǒgŋwàʼnì;n
reçu;fə̌kwěntsə;n
facture<b/>d'achat;fə̌<b/>juntə̀;n
papier<b/>publicitaire;fə̌<b/>soŋtə̀;n
tableau<b/>d'honneur;fə̂ndàʼ;n
lettre<b/>de<b/>félicitation;fə̌làb;n
carte<b/>de<b/>visite;fə̌bʉ̀ʼ;n
invitation;fə̌ghùn;n
invitation;kǎmŋwàʼnì<b/>ghun;n
football;tâmkù;n
match<b/>de<b/>football;sa<b/>tamkù;n
handball;tâmbu;n
match<b/>de<b/>handball;sa<b/>tâmbu;n
s'absenter;nə̀<b/>gha;vblex
s'absenter;nə̀<b/>tàgə;vblex
bureau<b/>du<b/>maitre;nkǒʼŋwàʼnǐ<b/>ngàtswìtə̀;n
sciences<b/>naturelles;ngɑ̂mcu;n
pédagogie;ngɑ̂mtwsìtə;n
corriger<b/>une<b/>copie;nə̀<b/>tə<b/>bàkʉlə;vblex
bavard;ngàcobtə̀;adj
taquin;ndìgncà;adj
diriger;nə̀<b/>càgtə̌;vblex
c'est<b/>bien;a<b/>bwɔ̌;adj
trés<b/>bien;a<b/>bwɔ̌<b/>nə̀shù;adj
c'est<b/>correct;a<b/>vʉ̌<b/>lag;adj
c'est<b/>excellent;a<b/>bwɔ̀<b/>ncʉâtə;adj
concour;maŋtə̀;n
concour;nkwǎʼnkwâʼa;n
cahier<b/>de<b/>texte;buʼkǐ<b/>cɔfàʼ;n
trousse<b/>d'écolier;mfə̌ʼnkʉlə;n
ordre<b/>du<b/>jour;nkǎfàʼ;n
emploi<b/>de<b/>temps;nkǎfàʼ;n
université;dìbɑ̀<b/>ndɑ̂ŋwàʼnì;n
groupe<b/>de<b/>mot;tswəʼcûncobə;n
groupe<b/>de<b/>mot;ntàmtə̀<b/>cûncobə;n
remarque<b/>écrites;fə̌nkʉnə;n
impressions<b/>écrites;fə̌nkwàtə̀;n
grosse<b/>de<b/>procée;fə̌ncà;n
grosse<b/>de<b/>procée;fə̌coʼtə̀;n
certificat<b/>de<b/>célibat;fə̌kwì;n
certificat<b/>de<b/>non<b/>emploi;fə̌kə̀fàʼ;n
certificat<b/>de<b/>non<b/>redevance;fə̌kə̀njo;n
certificat<b/>de<b/>domicile;fə̌kwêntsə;n
chèque;fə̌kwênkɑb;n
permis<b/>de<b/>conduire<b/>;fə̌kud;n
permis<b/>de<b/>chasse;fə̌ntâʼyòŋ;n
permis<b/>de<b/>chasse;fə̌yòŋ;n
permis<b/>d'exploitation<b/>forestière;fə̂kə̂bntʉ;n
attestation<b/>assurance;fə̌maʼnguaʼa;n
prescription<b/>mèdicale;fə̌<b/>ndɛ̂n<b/>fu;n
bulletin<b/>de<b/>vote;fə̌tɔ̀;n
papier<b/>hygiènique;fə̌nswɛ̀d;n
gomme;co'kʉdnjum;n
corrector;coʼkʉdfi;n
dessert;coʼncù;n
décapsuleur;côʼndùʼ;n
trophée;côʼnguʼ;n
crète;còʼ;n
août;ncôʼcu;n
moissonneur;ncôʼcu;n
laver;sogə;vblex
netttoyer;sogə;vblex
savon;sògnzwə;n
savon<b/>de<b/>menage;sògnka;n
savon<b/>de<b/>toilette;sògwud;n
pâte<b/>dentifrice;sògnsɔ;n
blanchisseur;nsògnzwə;n
savon<b/>en<b/>poudre;sòg<b/>mbâbmbabə;adj
précéder;zǐ;POS
commencer;zǐ;vblex
sous-vêtement;zǐkum;n
jupon;zǐnzwə;n
chaussettes;zǐnkətoʼo;n
caleçon;zǐcə̌ʼnkù;n
élastique<b/>de<b/>dedans<b/>de;zǐkob;adj
cuvette;tamka;n
tesson<b/>de<b/>bouteille;kǎncaŋ;n
vitre;kâyəntə̀;n
rang;nka;n
carte<b/>d'identité;ŋwàʼnì<b/>sə̂və̀;n
sans<b/>confiance;nkʉ̌nyàm;adj
généalogie;nkʉ̌ndɑ;n
sorte<b/>de<b/>liane;nkʉ̂ndʉ̂ʼʉ;n
acte<b/>de<b/>mariage;ŋwàʼnìnândɑ;n
acte<b/>de<b/>naissance;ŋwàʼnì<b/>bwə;n
acte<b/>de<b/>décès;ŋwàʼnì<b/>kwʉ;n
acte<b/>de<b/>vente;ŋwàʼnì<b/>swɛ̀n;n
quoitidien<b/>d'information;ŋwàʼnì<b/>nkʉ̀nleʼe;n
hebdomadaire<b/>d'information;ŋwàʼnì<b/>nkʉ̌n<b/>ngɑ̀b;n
mensuel<b/>d'information;ŋwàʼnì<b/>nkʉ̀n<b/>ŋwʉ;POS
dossier;nkǎm<b/>ŋwàʼnì;abbr
pièce<b/>d'un<b/>dossier;kǎm<b/>ŋwàʼnì;n
titre<b/>d'impôt;ŋwàʼnì<b/>ncùb;n
attestation<b/>de<b/>baptème;ŋwàʼnì<b/>kwêntsə;n
règlement;ncʉʼ;n
loi;ncʉ̂ʼ<b/>ngɔ̀;n
règlement<b/>interieure;ncʉ̂ʼ<b/>kum;n
statuts;ngǎncʉ'<b/>kum;abbr
statuts;tǔnncʉ̀ʼ;n
déclaration<b/>unniverselle<b/>des<b/>droits<b/>de<b/>l'homme;ngǎncʉ̀ʼ<b/>mɛ̀nnyǎŋtu;n
commandement<b/>de<b/>Dieu;ncʉ̌ʼ<b/>nsi;n
service;fàʼ;n
maçonnerie;fǎʼbàʼ;n
travail<b/>de<b/>l'agriculture;fǎʼnɑ̀/;n
service<b/>des<b/>impôts;fǎʼncùb;n
service<b/>des<b/>impôts;fǎʼfeʼ;n
certificat<b/>de<b/>prise<b/>de<b/>service;fə̌<b/>lòʼ<b/>fàʼ;n
méthode<b/>de<b/>travaille;kǔfàʼ;n
manière<b/>de<b/>travailler;bûfàʼ;POS
style;bûfàʼ;n
syndicat<b/>d'ouvrier;kǔmfàʼ;n
outil;jûfàʼ;n
outils;cûfàʼ;n
jour<b/>de<b/>travaille;leʼfàʼ;n
de;nə̀toʼ;adv
la;i;prn
que;mbə;cnjsub
et;mbɑ̀;cnjcoo
les;bɑ̀;det
des;bɑ̀;det
est;bə;vblex
dans;tɔ̀;pr
dans;môm;pr
dans;nə̀tɛ̀d;pr
au;mvə;pr
sur;nùm;pr
ne;kɑ̂;neg
se;wud<b/>i;prn
ce;yənnî;prn,dem
ce;sənnî;prn,dem
il;a;prn
sont;bə;vblex
son;sə;pos
son;zə;pos
aux;mvə;pr
cette;yənnî;adj,dem
ont;ghʉ̌;vblex
mais;ndǎʼndʉ̂;cnjcoo
comme;mbɑ̂;adv
on;bag;prn,ind,pl
tout;njòŋ;adj,prn,ind
leur;yubə;pos,pl
peut;kùʼnǐ;vblex
ans;ngùʼ;n,m
marché;ntɑnə;n,m
donc;ndʉlɑlɑ;cnjsub
entre;nə̀tɛ̂d;pr
il;a;prn,pers
elle;a;prn,pers
peu;mə<b/>ju;det
prix;njòŋ;n
lui;i;prn,impers
lui;zə;prn,impers
également;ndǎŋndaŋ;adv
millions;ncuʼ;num
mois;ŋwʉ;n
taux;njǒŋ<b/>mfìʼ;n
année;ngùʼ;n,f,sg
années;ngùʼ;n,f,pl
temps;ngə̀laŋ;n,m
groupe;kùm;n,m
ainsi;ndʉlɑlɑ;cnjsub
toujours;njǒŋ<b/>ngə̀laŋ<b/>fa;adv
société;laʼ;n,f
depuis;fə;pr,adv
fois;yòŋ;loc
dernier;miàgtə̀<b/>mɛ̀n;adj
si;ŋ̂;adv
oui;ŋ̂;adv
chez;jû;pr
monde;ngɔ̀;n
reste;mbwə̀ʼ;n,m
non;nga;neg
nouveau;nswə;adj
milliards;mɑ̂<b/>ncuʼ;num
avant;bwǒg;adv
exemple;mfìʼ;n
mesure;mfìʼ;n
mesurer;fìʼi;vblex
premier;mbwə̀;adj
second;mbadtə̀;adj
niveau;nguan;n
bénéfice;bìn;n
profit;bìn;n,m,sg
profits;bìn;n,m,pl
profiter;jʉ<b/>bìn;vblex
travailler;fàʼa;vblex
travaille;fàʼ;n,m,sg
travaux;mfàʼ;n,m,pl
hausser;kwìʼtə̌;vblex
hausse;kwìʼtə̀;n,f
secteur;bàg;n,m
part;bàg;n,m
beaucoup;yɑmə;adv
<b/>aujourd'hui;sɛnnî;adv
base;tùn;n
origine;tǔn;n
bourse;bɑ̌m<b/>nkɑb;n
lors;ndʉ;adv
limite;ndʉ;n
borne;ndʉ;n
borner;kəb<b/>ndʉ;vblex
limiter;kəb<b/>ndʉ;vblex
vie;yòg;n,f,sg
autre;wa;adj
nombre;lâg<b/>tʉntə̀;n
nombre;miâg<b/>tʉntə̀;n,pl
point;tsinə;n
grand;ndʉb;adj
grande;ndʉb;adj
jour;leʼ;n
place;dʉʼ;n
personnes;bənntʉ̀n;n,pl
personne;mɛ̀nntʉ̀n;n,sg
politique;nǔ<b/>tɔngɔ̀;n,f
pouvoir;kùʼnǐ;vblex
pouvoir;mbaʼ;n
baisse;sìb;n
baisser;sìbə;vblex
début;ntoʼtə̀;n
débuter;toʼtə;vblex
an;ngûʼnjʉ;n
ils;bo;prn,pers,pl
elles;bo;prn,pers,pl
moment;ngə̀laŋ;n
question;mbɛdtə̀;n,f,sg
demande;mbɛdtə̀;n,f,sg
titre;tu;n,m,sg
doute;tɑbtə̀;n
douter;tɑbtə̌;vblex
long;sàgə;adj
petit;mətoʼ;adj
heure;nyàm;n,f
service;fàʼ;n,f
bonne;mbwɔ;adj
bonne;mbwɔ̀;adj
nouveaux;nswə;adj
dire;cobə;vblex
seul;tʉʼ;adv
semble;futə;adj
client;ngàjun;n
clients;ghǎjun;n,pl
force;nə̀ta;n
fort;nə̀<b/>tǎ;adj
frais;fi;adj
gestion;càgtə̀;n
project;fàʼ;n
gouvernement;nsaʼ<b/>ngɔ̀;n
réseau;foŋə;n
onde;foŋə;n
type;caŋ;n
actuellement;ndɔ̌nnî;adv
maintenant;ndɔ̌nnî;adv
public;jû<b/>ngɔ̀;n
mettre;yabə;vblex
mettre;yabə;vblex
nom;lɛn;n
sur;nùm;pr
période;ngə̀laŋ;n
enfants;bon;n,pl
enfants;bɔnnkəʼ;n,pl
programme;kǔ<b/>fàʼ;n,sg
semaine;ngàb;n,sg,f
president;tɑ̂<b/>ngɔ̀;n,sg,m
tard;sɛnə;adv
petite;mətoʼ;adj
loin;ngʉɑnə̀sɑ̀m;adv
explique;bàgtə̌;vblex
definir;bàgtə̌;vblex
jeunes;bon<b/>sɑb;n,m,pl
environ;nguɑ̂;adv
ministre;nsaʼ<b/>ngɔ̀;n
cadre;kàb;n
sens;màd;n
sorte;caŋ;n
janvier;mbwognga;n
février;nkàgnɑ̀;n
mars;njwìdcu;n
avril;ntàŋmbwə;n
mai;nsônɑ̀;n
juin;ŋwâgnkun;n
juillet;ntôngə̀fələ;n
août;ncôʼcu;n
septembre;njâgcu;n
octobre;bə̂ʼnswə;n
novembre;nsônɑ̂ndɔ;n
décembre;ntòngǒdməsaŋə;n
vrai;nənənə;adj
famille;tǔnndɑ;n
lequel;yilɑ̂;prn,rel
père<b/>de;tɑ̂;n,pos
directeur;tɑ̂<b/>fàʼ;n,pos
chose;ju;n,sg,f
obligation;kə̀kɔ̀<b/>nkɔ̂;n
allieur;dʉ̀ʼ<b/>wa;pr
rue;nzə̀;n,sg,f
vraiment;nənənə;adj
sein;bun;n,m,sg
seins;mbun;n,pl
haut;tʉ;pr
porte;nzəndɑ;n,sg,f
porter;kə̀lə;vblex
ici;nzənnî;pr
mon;yɑm;prn,pos
mon;yɑ̀m;prn,pos
mon;sɑm;prn,pos
propre;lɑnə;adj
concorrence;maŋnə;n
face;sə;n,f,sg
face;mbwə̀;pr
femme;mɛ̀nnzwi;n,f,sg
femmes;bə̂nnzwi;n,f,pl
difficile;tǎ;adj
autour;diàŋ<b/>mbomə;pr
région;kǎmngɔ̀;n,f,sg
site;dʉʼ;n,m,sg
foi;bâmntʉ;n,f,sg
travaille;fàʼ;n,m,sg
travailler;fàʼa;vblex
enfant;mɛn;n,m,sg
casino;ndɑ̂<b/>sa;n,m,sg
problème;ngʉ̀dnì;n,m,sg
rechercher;ndiàgə;vblex
fin;miɑ̀gtə̀;n,f,sg
conseil;ntag;n,m,sg
eaux;ntsə;n,f,pl
œil;lag;n,sg
Marie;Marie;np,ant,f,sg
Jean;Jean;np,ant,m,sg
Julie;Julie;np,ant,f,sg
;;sent
;;num
